-- HARMONY School Management System - Seed Data
-- Run this after 001_create_schema.sql

-- ========================================
-- INSERT SECTIONS
-- ========================================
INSERT INTO sections (id, name, description) VALUES
  ('11111111-1111-1111-1111-111111111111', 'Francophone', 'Section francophone - Programmes en français'),
  ('22222222-2222-2222-2222-222222222222', 'Anglophone', 'Section anglophone - English programs')
ON CONFLICT (name) DO NOTHING;

-- ========================================
-- INSERT LEVELS
-- ========================================
INSERT INTO levels (id, name, section_id, "order") VALUES
  -- Francophone
  ('aaaa0001-0001-0001-0001-000000000001', '6ème', '11111111-1111-1111-1111-111111111111', 1),
  ('aaaa0001-0001-0001-0001-000000000002', '5ème', '11111111-1111-1111-1111-111111111111', 2),
  ('aaaa0001-0001-0001-0001-000000000003', '4ème', '11111111-1111-1111-1111-111111111111', 3),
  ('aaaa0001-0001-0001-0001-000000000004', '3ème', '11111111-1111-1111-1111-111111111111', 4),
  ('aaaa0001-0001-0001-0001-000000000005', '2nde', '11111111-1111-1111-1111-111111111111', 5),
  ('aaaa0001-0001-0001-0001-000000000006', '1ère', '11111111-1111-1111-1111-111111111111', 6),
  ('aaaa0001-0001-0001-0001-000000000007', 'Tle', '11111111-1111-1111-1111-111111111111', 7),
  -- Anglophone
  ('bbbb0001-0001-0001-0001-000000000001', 'Form 1', '22222222-2222-2222-2222-222222222222', 1),
  ('bbbb0001-0001-0001-0001-000000000002', 'Form 2', '22222222-2222-2222-2222-222222222222', 2),
  ('bbbb0001-0001-0001-0001-000000000003', 'Form 3', '22222222-2222-2222-2222-222222222222', 3),
  ('bbbb0001-0001-0001-0001-000000000004', 'Form 4', '22222222-2222-2222-2222-222222222222', 4),
  ('bbbb0001-0001-0001-0001-000000000005', 'Form 5', '22222222-2222-2222-2222-222222222222', 5)
ON CONFLICT DO NOTHING;

-- ========================================
-- INSERT CLASSES
-- ========================================
INSERT INTO classes (id, name, level_id, section_id, capacity, academic_year, class_teacher) VALUES
  -- 6ème Francophone
  ('cccc0001-0001-0001-0001-000000000001', '6ème A', 'aaaa0001-0001-0001-0001-000000000001', '11111111-1111-1111-1111-111111111111', 45, '2024-2025', 'M. Jean Dupont'),
  ('cccc0001-0001-0001-0001-000000000002', '6ème B', 'aaaa0001-0001-0001-0001-000000000001', '11111111-1111-1111-1111-111111111111', 45, '2024-2025', 'Mme Marie Claire'),
  ('cccc0001-0001-0001-0001-000000000003', '6ème C', 'aaaa0001-0001-0001-0001-000000000001', '11111111-1111-1111-1111-111111111111', 45, '2024-2025', 'M. Paul Martin'),
  -- 5ème Francophone
  ('cccc0001-0001-0001-0001-000000000004', '5ème A', 'aaaa0001-0001-0001-0001-000000000002', '11111111-1111-1111-1111-111111111111', 45, '2024-2025', 'Mme Jeanne Flore'),
  ('cccc0001-0001-0001-0001-000000000005', '5ème B', 'aaaa0001-0001-0001-0001-000000000002', '11111111-1111-1111-1111-111111111111', 45, '2024-2025', 'M. Pierre Kamga'),
  -- 4ème Francophone
  ('cccc0001-0001-0001-0001-000000000006', '4ème A', 'aaaa0001-0001-0001-0001-000000000003', '11111111-1111-1111-1111-111111111111', 40, '2024-2025', 'M. André Mballa'),
  ('cccc0001-0001-0001-0001-000000000007', '4ème B', 'aaaa0001-0001-0001-0001-000000000003', '11111111-1111-1111-1111-111111111111', 40, '2024-2025', 'Mme Rose Atangana'),
  -- 3ème Francophone
  ('cccc0001-0001-0001-0001-000000000008', '3ème A', 'aaaa0001-0001-0001-0001-000000000004', '11111111-1111-1111-1111-111111111111', 40, '2024-2025', 'M. David Nkomo'),
  ('cccc0001-0001-0001-0001-000000000009', '3ème B', 'aaaa0001-0001-0001-0001-000000000004', '11111111-1111-1111-1111-111111111111', 40, '2024-2025', 'Mme Sophie Biya'),
  -- Form 1 Anglophone
  ('dddd0001-0001-0001-0001-000000000001', 'Form 1 A', 'bbbb0001-0001-0001-0001-000000000001', '22222222-2222-2222-2222-222222222222', 40, '2024-2025', 'Mr. John Smith'),
  ('dddd0001-0001-0001-0001-000000000002', 'Form 1 B', 'bbbb0001-0001-0001-0001-000000000001', '22222222-2222-2222-2222-222222222222', 40, '2024-2025', 'Mrs. Mary Johnson'),
  -- Form 2 Anglophone
  ('dddd0001-0001-0001-0001-000000000003', 'Form 2 A', 'bbbb0001-0001-0001-0001-000000000002', '22222222-2222-2222-2222-222222222222', 40, '2024-2025', 'Mr. Peter Brown')
ON CONFLICT DO NOTHING;

-- ========================================
-- INSERT SUBJECT GROUPS
-- ========================================
INSERT INTO subject_groups (id, name, "order") VALUES
  ('gggg0001-0001-0001-0001-000000000001', 'Groupe I - Lettres et Langues', 1),
  ('gggg0001-0001-0001-0001-000000000002', 'Groupe II - Sciences', 2),
  ('gggg0001-0001-0001-0001-000000000003', 'Groupe III - Sciences Humaines', 3),
  ('gggg0001-0001-0001-0001-000000000004', 'Groupe IV - Arts et Sports', 4)
ON CONFLICT DO NOTHING;

-- ========================================
-- INSERT SUBJECTS
-- ========================================
INSERT INTO subjects (id, name, code, subject_group_id, description) VALUES
  -- Groupe I - Lettres et Langues
  ('ssss0001-0001-0001-0001-000000000001', 'Français', 'FR', 'gggg0001-0001-0001-0001-000000000001', 'Langue française et littérature'),
  ('ssss0001-0001-0001-0001-000000000002', 'Anglais', 'EN', 'gggg0001-0001-0001-0001-000000000001', 'Langue anglaise'),
  ('ssss0001-0001-0001-0001-000000000003', 'Espagnol', 'ES', 'gggg0001-0001-0001-0001-000000000001', 'Langue espagnole'),
  ('ssss0001-0001-0001-0001-000000000004', 'Allemand', 'DE', 'gggg0001-0001-0001-0001-000000000001', 'Langue allemande'),
  ('ssss0001-0001-0001-0001-000000000005', 'Latin', 'LAT', 'gggg0001-0001-0001-0001-000000000001', 'Langue latine'),
  -- Groupe II - Sciences
  ('ssss0001-0001-0001-0001-000000000006', 'Mathématiques', 'MATH', 'gggg0001-0001-0001-0001-000000000002', 'Mathématiques générales'),
  ('ssss0001-0001-0001-0001-000000000007', 'Physique', 'PHY', 'gggg0001-0001-0001-0001-000000000002', 'Sciences physiques'),
  ('ssss0001-0001-0001-0001-000000000008', 'Chimie', 'CHI', 'gggg0001-0001-0001-0001-000000000002', 'Sciences chimiques'),
  ('ssss0001-0001-0001-0001-000000000009', 'SVT', 'SVT', 'gggg0001-0001-0001-0001-000000000002', 'Sciences de la Vie et de la Terre'),
  ('ssss0001-0001-0001-0001-000000000010', 'Informatique', 'INFO', 'gggg0001-0001-0001-0001-000000000002', 'Sciences informatiques'),
  -- Groupe III - Sciences Humaines
  ('ssss0001-0001-0001-0001-000000000011', 'Histoire', 'HIST', 'gggg0001-0001-0001-0001-000000000003', 'Histoire générale'),
  ('ssss0001-0001-0001-0001-000000000012', 'Géographie', 'GEO', 'gggg0001-0001-0001-0001-000000000003', 'Géographie générale'),
  ('ssss0001-0001-0001-0001-000000000013', 'ECM', 'ECM', 'gggg0001-0001-0001-0001-000000000003', 'Education Civique et Morale'),
  ('ssss0001-0001-0001-0001-000000000014', 'Philosophie', 'PHILO', 'gggg0001-0001-0001-0001-000000000003', 'Philosophie'),
  -- Groupe IV - Arts et Sports
  ('ssss0001-0001-0001-0001-000000000015', 'EPS', 'EPS', 'gggg0001-0001-0001-0001-000000000004', 'Education Physique et Sportive'),
  ('ssss0001-0001-0001-0001-000000000016', 'Arts Plastiques', 'ART', 'gggg0001-0001-0001-0001-000000000004', 'Arts visuels et plastiques'),
  ('ssss0001-0001-0001-0001-000000000017', 'Musique', 'MUS', 'gggg0001-0001-0001-0001-000000000004', 'Education musicale')
ON CONFLICT DO NOTHING;

-- ========================================
-- INSERT TEACHERS
-- ========================================
INSERT INTO teachers (id, first_name, last_name, email, phone, specialization, status) VALUES
  ('tttt0001-0001-0001-0001-000000000001', 'Jean', 'Dupont', 'jean.dupont@harmony.edu', '+237 6XX XXX XXX', 'Français', 'active'),
  ('tttt0001-0001-0001-0001-000000000002', 'Marie', 'Claire', 'marie.claire@harmony.edu', '+237 6XX XXX XXX', 'Anglais', 'active'),
  ('tttt0001-0001-0001-0001-000000000003', 'Paul', 'Martin', 'paul.martin@harmony.edu', '+237 6XX XXX XXX', 'Mathématiques', 'active'),
  ('tttt0001-0001-0001-0001-000000000004', 'Jeanne', 'Flore', 'jeanne.flore@harmony.edu', '+237 6XX XXX XXX', 'Physique-Chimie', 'active'),
  ('tttt0001-0001-0001-0001-000000000005', 'Pierre', 'Kamga', 'pierre.kamga@harmony.edu', '+237 6XX XXX XXX', 'SVT', 'active'),
  ('tttt0001-0001-0001-0001-000000000006', 'André', 'Mballa', 'andre.mballa@harmony.edu', '+237 6XX XXX XXX', 'Histoire-Géo', 'active'),
  ('tttt0001-0001-0001-0001-000000000007', 'Rose', 'Atangana', 'rose.atangana@harmony.edu', '+237 6XX XXX XXX', 'Espagnol', 'active'),
  ('tttt0001-0001-0001-0001-000000000008', 'David', 'Nkomo', 'david.nkomo@harmony.edu', '+237 6XX XXX XXX', 'Informatique', 'active'),
  ('tttt0001-0001-0001-0001-000000000009', 'Sophie', 'Biya', 'sophie.biya@harmony.edu', '+237 6XX XXX XXX', 'Philosophie', 'active'),
  ('tttt0001-0001-0001-0001-000000000010', 'John', 'Smith', 'john.smith@harmony.edu', '+237 6XX XXX XXX', 'English', 'active')
ON CONFLICT DO NOTHING;

-- ========================================
-- INSERT LEVEL SUBJECTS (Tronc commun for 6ème Francophone)
-- ========================================
INSERT INTO level_subjects (subject_id, level_id, section_id, coefficient) VALUES
  ('ssss0001-0001-0001-0001-000000000001', 'aaaa0001-0001-0001-0001-000000000001', '11111111-1111-1111-1111-111111111111', 5), -- Français
  ('ssss0001-0001-0001-0001-000000000002', 'aaaa0001-0001-0001-0001-000000000001', '11111111-1111-1111-1111-111111111111', 4), -- Anglais
  ('ssss0001-0001-0001-0001-000000000006', 'aaaa0001-0001-0001-0001-000000000001', '11111111-1111-1111-1111-111111111111', 5), -- Mathématiques
  ('ssss0001-0001-0001-0001-000000000007', 'aaaa0001-0001-0001-0001-000000000001', '11111111-1111-1111-1111-111111111111', 3), -- Physique
  ('ssss0001-0001-0001-0001-000000000009', 'aaaa0001-0001-0001-0001-000000000001', '11111111-1111-1111-1111-111111111111', 3), -- SVT
  ('ssss0001-0001-0001-0001-000000000011', 'aaaa0001-0001-0001-0001-000000000001', '11111111-1111-1111-1111-111111111111', 2), -- Histoire
  ('ssss0001-0001-0001-0001-000000000012', 'aaaa0001-0001-0001-0001-000000000001', '11111111-1111-1111-1111-111111111111', 2), -- Géographie
  ('ssss0001-0001-0001-0001-000000000013', 'aaaa0001-0001-0001-0001-000000000001', '11111111-1111-1111-1111-111111111111', 2), -- ECM
  ('ssss0001-0001-0001-0001-000000000015', 'aaaa0001-0001-0001-0001-000000000001', '11111111-1111-1111-1111-111111111111', 2), -- EPS
  ('ssss0001-0001-0001-0001-000000000010', 'aaaa0001-0001-0001-0001-000000000001', '11111111-1111-1111-1111-111111111111', 2) -- Informatique
ON CONFLICT DO NOTHING;

-- Copy same for 5ème
INSERT INTO level_subjects (subject_id, level_id, section_id, coefficient) VALUES
  ('ssss0001-0001-0001-0001-000000000001', 'aaaa0001-0001-0001-0001-000000000002', '11111111-1111-1111-1111-111111111111', 5),
  ('ssss0001-0001-0001-0001-000000000002', 'aaaa0001-0001-0001-0001-000000000002', '11111111-1111-1111-1111-111111111111', 4),
  ('ssss0001-0001-0001-0001-000000000006', 'aaaa0001-0001-0001-0001-000000000002', '11111111-1111-1111-1111-111111111111', 5),
  ('ssss0001-0001-0001-0001-000000000007', 'aaaa0001-0001-0001-0001-000000000002', '11111111-1111-1111-1111-111111111111', 3),
  ('ssss0001-0001-0001-0001-000000000009', 'aaaa0001-0001-0001-0001-000000000002', '11111111-1111-1111-1111-111111111111', 3),
  ('ssss0001-0001-0001-0001-000000000011', 'aaaa0001-0001-0001-0001-000000000002', '11111111-1111-1111-1111-111111111111', 2),
  ('ssss0001-0001-0001-0001-000000000012', 'aaaa0001-0001-0001-0001-000000000002', '11111111-1111-1111-1111-111111111111', 2),
  ('ssss0001-0001-0001-0001-000000000013', 'aaaa0001-0001-0001-0001-000000000002', '11111111-1111-1111-1111-111111111111', 2),
  ('ssss0001-0001-0001-0001-000000000015', 'aaaa0001-0001-0001-0001-000000000002', '11111111-1111-1111-1111-111111111111', 2),
  ('ssss0001-0001-0001-0001-000000000010', 'aaaa0001-0001-0001-0001-000000000002', '11111111-1111-1111-1111-111111111111', 2)
ON CONFLICT DO NOTHING;

-- ========================================
-- INSERT CLASS SUBJECTS (with teacher assignment for 6ème A)
-- ========================================
INSERT INTO class_subjects (subject_id, class_id, coefficient, teacher_id) VALUES
  ('ssss0001-0001-0001-0001-000000000001', 'cccc0001-0001-0001-0001-000000000001', 5, 'tttt0001-0001-0001-0001-000000000001'), -- Français - M. Dupont
  ('ssss0001-0001-0001-0001-000000000002', 'cccc0001-0001-0001-0001-000000000001', 4, 'tttt0001-0001-0001-0001-000000000002'), -- Anglais - Mme Claire
  ('ssss0001-0001-0001-0001-000000000006', 'cccc0001-0001-0001-0001-000000000001', 5, 'tttt0001-0001-0001-0001-000000000003'), -- Math - M. Martin
  ('ssss0001-0001-0001-0001-000000000007', 'cccc0001-0001-0001-0001-000000000001', 3, 'tttt0001-0001-0001-0001-000000000004'), -- Physique - Mme Flore
  ('ssss0001-0001-0001-0001-000000000009', 'cccc0001-0001-0001-0001-000000000001', 3, 'tttt0001-0001-0001-0001-000000000005'), -- SVT - M. Kamga
  ('ssss0001-0001-0001-0001-000000000011', 'cccc0001-0001-0001-0001-000000000001', 2, 'tttt0001-0001-0001-0001-000000000006'), -- Histoire - M. Mballa
  ('ssss0001-0001-0001-0001-000000000012', 'cccc0001-0001-0001-0001-000000000001', 2, 'tttt0001-0001-0001-0001-000000000006'), -- Géo - M. Mballa
  ('ssss0001-0001-0001-0001-000000000013', 'cccc0001-0001-0001-0001-000000000001', 2, NULL), -- ECM
  ('ssss0001-0001-0001-0001-000000000015', 'cccc0001-0001-0001-0001-000000000001', 2, NULL), -- EPS
  ('ssss0001-0001-0001-0001-000000000010', 'cccc0001-0001-0001-0001-000000000001', 2, 'tttt0001-0001-0001-0001-000000000008') -- Info - M. Nkomo
ON CONFLICT DO NOTHING;

-- ========================================
-- INSERT ACADEMIC PERIODS
-- ========================================
INSERT INTO academic_periods (id, academic_year, type, name, number, start_date, end_date, parent_id) VALUES
  -- Trimester 1
  ('pppp0001-0001-0001-0001-000000000001', '2024-2025', 'trimester', 'Trimestre 1', 1, '2024-09-02', '2024-12-20', NULL),
  -- Sequences in Trimester 1
  ('pppp0001-0001-0001-0001-000000000002', '2024-2025', 'sequence', 'Séquence 1', 1, '2024-09-02', '2024-10-25', 'pppp0001-0001-0001-0001-000000000001'),
  ('pppp0001-0001-0001-0001-000000000003', '2024-2025', 'sequence', 'Séquence 2', 2, '2024-10-28', '2024-12-20', 'pppp0001-0001-0001-0001-000000000001'),
  -- Trimester 2
  ('pppp0001-0001-0001-0001-000000000004', '2024-2025', 'trimester', 'Trimestre 2', 2, '2025-01-06', '2025-03-28', NULL),
  -- Sequences in Trimester 2
  ('pppp0001-0001-0001-0001-000000000005', '2024-2025', 'sequence', 'Séquence 3', 3, '2025-01-06', '2025-02-14', 'pppp0001-0001-0001-0001-000000000004'),
  ('pppp0001-0001-0001-0001-000000000006', '2024-2025', 'sequence', 'Séquence 4', 4, '2025-02-17', '2025-03-28', 'pppp0001-0001-0001-0001-000000000004'),
  -- Trimester 3
  ('pppp0001-0001-0001-0001-000000000007', '2024-2025', 'trimester', 'Trimestre 3', 3, '2025-04-07', '2025-06-30', NULL),
  -- Sequences in Trimester 3
  ('pppp0001-0001-0001-0001-000000000008', '2024-2025', 'sequence', 'Séquence 5', 5, '2025-04-07', '2025-05-16', 'pppp0001-0001-0001-0001-000000000007'),
  ('pppp0001-0001-0001-0001-000000000009', '2024-2025', 'sequence', 'Séquence 6', 6, '2025-05-19', '2025-06-30', 'pppp0001-0001-0001-0001-000000000007'),
  -- Year
  ('pppp0001-0001-0001-0001-000000000010', '2024-2025', 'year', 'Année 2024-2025', 1, '2024-09-02', '2025-06-30', NULL)
ON CONFLICT DO NOTHING;

-- ========================================
-- INSERT SCHOOL SETTINGS
-- ========================================
INSERT INTO school_settings (school_name, school_slogan, address, phone, email, current_academic_year)
VALUES ('HARMONY', 'L''harmonie entre technologie et éducation', 'BP 1234 Yaoundé, Cameroun', '+237 222 XX XX XX', 'contact@harmony.edu', '2024-2025')
ON CONFLICT DO NOTHING;
